{
  "timestamp": "2025-09-24T21:38:19.289857",
  "summary": {
    "total_requests": 750,
    "total_successful": 710,
    "total_failed": 40,
    "total_duration": 19.77335286140442
  },
  "benchmark_results": [
    {
      "benchmark_type": "BenchmarkType.API_PERFORMANCE",
      "test_duration": 19.185226917266846,
      "total_requests": 100,
      "successful_requests": 100,
      "failed_requests": 0,
      "performance_metrics": {
        "avg_response_time": 0.1918381118774414,
        "min_response_time": 0.18805313110351562,
        "max_response_time": 0.1931009292602539,
        "p95_response_time": 0.19306302070617676,
        "p99_response_time": 0.1931009292602539,
        "throughput": 5.212343874337981,
        "error_rate": 0.0,
        "cpu_usage": 12.1,
        "memory_usage": 76.7,
        "cache_hit_rate": 0.0
      },
      "cost_metrics": null,
      "additional_data": {
        "response_times": [
          0.19304203987121582,
          0.19167280197143555,
          0.1898791790008545,
          0.19304513931274414,
          0.18978404998779297,
          0.19303679466247559,
          0.19135403633117676,
          0.19286704063415527,
          0.1905367374420166,
          0.1927332878112793,
          0.19225287437438965,
          0.18911099433898926,
          0.19304800033569336,
          0.18910789489746094,
          0.19305205345153809,
          0.19226813316345215,
          0.19295096397399902,
          0.1914513111114502,
          0.19305872917175293,
          0.1930530071258545,
          0.19021916389465332,
          0.1891179084777832,
          0.19305109977722168,
          0.1930561065673828,
          0.19304800033569336,
          0.19303083419799805,
          0.19301795959472656,
          0.1930389404296875,
          0.1930408477783203,
          0.18943119049072266,
          0.1888561248779297,
          0.18893814086914062,
          0.19305992126464844,
          0.19304513931274414,
          0.19307184219360352,
          0.1931009292602539,
          0.19237208366394043,
          0.19303297996520996,
          0.1930389404296875,
          0.19302773475646973,
          0.18859601020812988,
          0.192155122756958,
          0.19275283813476562,
          0.19255399703979492,
          0.19304609298706055,
          0.1881852149963379,
          0.19304704666137695,
          0.1919858455657959,
          0.18949413299560547,
          0.19306421279907227,
          0.1902451515197754,
          0.19306015968322754,
          0.19306087493896484,
          0.1929619312286377,
          0.19304609298706055,
          0.19051098823547363,
          0.19306302070617676,
          0.19250202178955078,
          0.19304513931274414,
          0.19197607040405273,
          0.19304800033569336,
          0.19222307205200195,
          0.18902206420898438,
          0.1922461986541748,
          0.1898658275604248,
          0.19304490089416504,
          0.19304823875427246,
          0.18833708763122559,
          0.1930387020111084,
          0.19256806373596191,
          0.19305777549743652,
          0.19207501411437988,
          0.19120383262634277,
          0.18856287002563477,
          0.19305109977722168,
          0.19286823272705078,
          0.1930701732635498,
          0.19304394721984863,
          0.1915137767791748,
          0.18805313110351562,
          0.1930527687072754,
          0.19304609298706055,
          0.19133901596069336,
          0.19306111335754395,
          0.19148707389831543,
          0.19137811660766602,
          0.18971800804138184,
          0.19304609298706055,
          0.18927597999572754,
          0.19303607940673828,
          0.19128203392028809,
          0.19303584098815918,
          0.18976211547851562,
          0.19055795669555664,
          0.19271302223205566,
          0.19196534156799316,
          0.1922619342803955,
          0.19115090370178223,
          0.19272184371948242,
          0.18972492218017578
        ]
      }
    },
    {
      "benchmark_type": "BenchmarkType.CACHE_EFFICIENCY",
      "test_duration": 0.05132293701171875,
      "total_requests": 200,
      "successful_requests": 200,
      "failed_requests": 0,
      "performance_metrics": {
        "avg_response_time": 2.446174621582031e-05,
        "min_response_time": 2.09808349609375e-05,
        "max_response_time": 8.58306884765625e-05,
        "p95_response_time": 3.1948089599609375e-05,
        "p99_response_time": 7.915496826171875e-05,
        "throughput": 3896.8931172885386,
        "error_rate": 0.0,
        "cpu_usage": 13.9,
        "memory_usage": 76.8,
        "cache_hit_rate": 100.0
      },
      "cost_metrics": null,
      "additional_data": {
        "cache_hits": 200,
        "cache_misses": 0,
        "speedup_percentage": 99.98312983019599
      }
    },
    {
      "benchmark_type": "BenchmarkType.CONCURRENT_LOAD",
      "test_duration": 0.510267972946167,
      "total_requests": 100,
      "successful_requests": 60,
      "failed_requests": 40,
      "performance_metrics": {
        "avg_response_time": 0.04596852540969849,
        "min_response_time": 7.152557373046875e-07,
        "max_response_time": 0.10022830963134766,
        "p95_response_time": 0.09917712211608887,
        "p99_response_time": 0.10022830963134766,
        "throughput": 117.58527515174849,
        "error_rate": 40.0,
        "cpu_usage": 11.4,
        "memory_usage": 76.8,
        "cache_hit_rate": 0.0
      },
      "cost_metrics": null,
      "additional_data": {
        "concurrent_threads": 10,
        "tasks_per_thread": 10
      }
    },
    {
      "benchmark_type": "BenchmarkType.MEMORY_USAGE",
      "test_duration": 0.026504039764404297,
      "total_requests": 50,
      "successful_requests": 50,
      "failed_requests": 0,
      "performance_metrics": {
        "avg_response_time": 0.0,
        "min_response_time": 0.0,
        "max_response_time": 0.0,
        "p95_response_time": 0.0,
        "p99_response_time": 0.0,
        "throughput": 0.0,
        "error_rate": 0.0,
        "cpu_usage": 11.4,
        "memory_usage": 42.90625,
        "cache_hit_rate": 0.0
      },
      "cost_metrics": null,
      "additional_data": {
        "initial_memory_mb": 40.921875,
        "max_memory_mb": 42.90625,
        "final_memory_mb": 42.90625,
        "memory_growth_mb": 1.984375,
        "object_growth": 301,
        "memory_samples": [
          40.921875,
          41.09375,
          41.34375,
          42.0,
          42.265625,
          42.890625,
          42.890625,
          42.890625,
          42.890625,
          42.890625,
          42.90625
        ],
        "object_samples": [
          29717,
          30019,
          31519,
          31219,
          32719,
          31219,
          32719,
          31219,
          32719,
          31219,
          32719
        ]
      }
    },
    {
      "benchmark_type": "BenchmarkType.COST_ANALYSIS",
      "test_duration": 3.0994415283203125e-05,
      "total_requests": 300,
      "successful_requests": 300,
      "failed_requests": 0,
      "performance_metrics": {
        "avg_response_time": 0.0,
        "min_response_time": 0.0,
        "max_response_time": 0.0,
        "p95_response_time": 0.0,
        "p99_response_time": 0.0,
        "throughput": 0.0,
        "error_rate": 0.0,
        "cpu_usage": 0.0,
        "memory_usage": 0.0,
        "cache_hit_rate": 0.0
      },
      "cost_metrics": {
        "api_calls_count": 63,
        "estimated_cost": 0.126,
        "cost_per_request": 0.00126,
        "cache_savings": 0.074,
        "efficiency_score": 37.0
      },
      "additional_data": {
        "scenarios": [
          {
            "scenario": "无缓存",
            "total_requests": 100,
            "api_calls": 100,
            "cached_requests": 0,
            "cache_hit_rate": 0.0,
            "api_cost": 0.2,
            "cache_savings": 0.0,
            "total_cost": 0.2,